<?xml version="1.0" encoding="UTF-8"?>
<beans xmlns="http://www.springframework.org/schema/beans"
	xmlns:xsi="http://www.w3.org/2001/XMLSchema-instance" xmlns:p="http://www.springframework.org/schema/p"
	xmlns:context="http://www.springframework.org/schema/context"
	xsi:schemaLocation="http://www.springframework.org/schema/beans
               http://www.springframework.org/schema/beans/spring-beans-3.0.xsd http://www.springframework.org/schema/context http://www.springframework.org/schema/context/spring-context.xsd">


	<context:property-placeholder location="classpath:config.properties" />
	<bean id="dataSource"
		class="com.mysql.jdbc.jdbc2.optional.MysqlConnectionPoolDataSource"
		scope="singleton">
		<property name="url" value="${db.url}" />
		<property name="user" value="${db.user}" />
		<property name="password" value="${db.pass}" />
	</bean>

	<bean id="jdbcTemplate" class="org.springframework.jdbc.core.JdbcTemplate">
		<constructor-arg ref="dataSource" />
	</bean>

	<bean id="dbPersister" class="com.rh.persistence.DBPersister">
		<constructor-arg index="0" ref="jdbcTemplate" />
	</bean>

	<!-- <bean id="restAPI" class="com.rh.main.IndoAPIImpl"> <constructor-arg 
		index="0" ref="dbPersister" /> <constructor-arg index="1" ref="jmsTemplate" 
		/> </bean> -->
	<bean id="restAPI" class="com.rh.main.APIImpl">
		<constructor-arg index="0" ref="dbPersister" />
		<constructor-arg index="1" ref="jmsTemplate" />
	</bean>

	<bean id="receiver" class="com.rh.main.Receiver">
		<constructor-arg index="0">
			<value>${queue.url}</value>
		</constructor-arg>
		<constructor-arg index="1" value="${queue.name}" />
		<constructor-arg index="2" ref="restAPI" />
	</bean>

	<bean id="smsQueue" class="com.rh.main.FlipkartSMS"></bean>

	<!-- CallBack -->
	<!-- <bean id="callBackAPI" class="com.rh.main.CallBackImpl"> <constructor-arg 
		index="0" ref="dbPersister" /> <constructor-arg index="1" ref="jmsTemplate" 
		/> </bean> <bean id="callbackReceiver" class="com.rh.main.CallBackReceiver"> 
		<constructor-arg index="0"> <value>${queue.url}</value> </constructor-arg> 
		<constructor-arg index="1" value="${callbackQueue.name}" /> <constructor-arg 
		index="2" ref="callBackAPI" /> </bean> -->

	<!-- queue config -->
	
	<bean id="jmsTemplate" class="org.springframework.jms.core.JmsTemplate">
		<property name="connectionFactory">
			<ref bean="jmsConnectionFactory" />
		</property>
		<property name="defaultDestinationName" value="PUSH_NOTIFICATION" />
	</bean>

	<!-- <bean id="jmsTemplateB" class="org.springframework.jms.core.JmsTemplate">
		<property name="connectionFactory" ref="jmsConnectionFactory" />
		<property name="defaultDestination" value="SMSGift" />
	</bean> -->

	<bean id="jmsConnectionFactory" class="org.apache.activemq.ActiveMQConnectionFactory">
		<property name="brokerURL" value="tcp://localhost:61616" />
	</bean>
</beans>