<?xml version="1.0" encoding="UTF-8"?>
<!DOCTYPE log4j:configuration SYSTEM "log4j.dtd" >
<log4j:configuration> <!-- xmlns:log4j="http://jakarta.apache.org/log4j/" debug="true"> -->

	<appender name="simulator" class="org.apache.log4j.DailyRollingFileAppender">
		<param name="Threshold" value="INFO" />
		<param name="File" value="/home/ankur.singh/logs/redeem.log" />
		<param name="Append" value="true" />
		<param name="encoding" value="UTF-8" />
		<param name="DatePattern" value="'.'yyyy-MM-dd" />
		<layout class="org.apache.log4j.PatternLayout">
			<param name="ConversionPattern" value="%d %-5p %c{1}: %L - %m%n" />
		</layout>
	</appender>
	<root>
		<appender-ref ref="simulator" />
	</root>
</log4j:configuration>